IPV4,1.0.171.2,1,malware C2
IPV4,1.0.202.31,1,malware C2
IPV4,1.0.215.162,1,malware C2
IPV4,1.0.215.176,1,malware C2
IPV4,1.0.218.19,1,malware C2
IPV4,1.0.218.230,1,malware C2
IPV4,1.0.225.205,1,malware C2
IPV4,1.1.130.20,1,malware C2
IPV4,1.1.138.229,1,malware C2
IPV4,1.1.187.152,1,malware C2
IPV4,1.1.188.10,1,malware C2
IPV4,1.10.133.41,1,malware C2
IPV4,1.10.139.33,1,malware C2
IPV4,1.10.146.175,1,malware C2
IPV4,1.10.146.29,1,malware C2
IPV4,1.10.184.106,1,malware C2
IPV4,1.10.187.237,1,malware C2
IPV4,1.10.188.202,1,malware C2
IPV4,1.10.188.93,1,malware C2
IPV4,1.10.190.251,1,malware C2
IPV4,1.10.202.75,1,malware C2
IPV4,1.10.211.15,1,malware C2
IPV4,1.10.253.207,1,malware C2
IPV4,1.11.114.211,1,malware C2
IPV4,1.11.132.194,1,malware C2
IPV4,1.11.171.110,1,malware C2
IPV4,1.11.174.24,1,malware C2
IPV4,1.11.178.112,1,malware C2
IPV4,1.11.178.116,1,malware C2
IPV4,1.11.220.175,1,malware C2
IPV4,1.11.62.185,1,malware C2
IPV4,1.11.67.53,1,malware C2
IPV4,1.116.112.193,1,malware C2
IPV4,1.116.115.166,1,malware C2
IPV4,1.116.115.169,1,malware C2
IPV4,1.116.119.183,1,malware C2
IPV4,1.116.135.107,1,malware C2
IPV4,1.116.135.59,1,malware C2
IPV4,1.116.137.50,1,malware C2
IPV4,1.116.139.19,1,malware C2
IPV4,1.116.147.172,1,malware C2
IPV4,1.116.15.240,1,malware C2
IPV4,1.116.150.100,1,malware C2
IPV4,1.116.150.173,1,malware C2
IPV4,1.116.151.108,1,malware C2
IPV4,1.116.155.150,1,malware C2
IPV4,1.116.158.43,1,malware C2
IPV4,1.116.161.177,1,malware C2
IPV4,1.116.163.84,1,malware C2
IPV4,1.116.168.154,1,malware C2
IPV4,1.116.214.66,1,malware C2
IPV4,1.116.41.66,1,malware C2
IPV4,1.116.46.30,1,malware C2
IPV4,1.116.47.11,1,malware C2
IPV4,1.116.61.184,1,malware C2
IPV4,1.116.96.210,1,malware C2
IPV4,1.117.115.142,1,malware C2
IPV4,1.117.115.99,1,malware C2
IPV4,1.117.117.162,1,malware C2
IPV4,1.117.117.166,1,malware C2
IPV4,1.117.140.148,1,malware C2
IPV4,1.117.140.200,1,malware C2
IPV4,1.117.141.120,1,malware C2
IPV4,1.117.144.153,1,malware C2
IPV4,1.117.145.17,1,malware C2
IPV4,1.117.145.220,1,malware C2
IPV4,1.117.149.191,1,malware C2
IPV4,1.117.152.77,1,malware C2
IPV4,1.117.157.209,1,malware C2
IPV4,1.117.169.18,1,malware C2
IPV4,1.117.170.67,1,malware C2
IPV4,1.117.175.101,1,malware C2
IPV4,1.117.176.186,1,malware C2
IPV4,1.117.185.36,1,malware C2
IPV4,1.117.191.34,1,malware C2
IPV4,1.117.193.129,1,malware C2
IPV4,1.117.198.225,1,malware C2
IPV4,1.117.204.147,1,malware C2
IPV4,1.117.225.11,1,malware C2
IPV4,1.117.225.253,1,malware C2
IPV4,1.117.231.225,1,malware C2
IPV4,1.117.232.13,1,malware C2
IPV4,1.117.232.236,1,malware C2
IPV4,1.117.236.166,1,malware C2
IPV4,1.117.250.77,1,malware C2
IPV4,1.117.6.225,1,malware C2
IPV4,1.117.79.253,1,malware C2
IPV4,1.117.92.243,1,malware C2
IPV4,1.117.93.243,1,malware C2
IPV4,1.117.93.65,1,malware C2
IPV4,1.117.97.166,1,malware C2
IPV4,1.119.131.102,1,malware C2
IPV4,1.119.135.42,1,malware C2
IPV4,1.119.168.202,1,malware C2
IPV4,1.119.169.66,1,malware C2
IPV4,1.119.194.253,1,malware C2
IPV4,1.12.217.122,1,malware C2
IPV4,1.12.222.111,1,malware C2
IPV4,1.12.229.48,1,malware C2
IPV4,1.12.231.227,1,malware C2
IPV4,1.12.235.226,1,malware C2
IPV4,1.12.238.34,1,malware C2
IPV4,1.12.242.88,1,malware C2
IPV4,1.12.244.44,1,malware C2
IPV4,1.12.247.134,1,malware C2
IPV4,1.12.251.113,1,malware C2
IPV4,1.12.251.141,1,malware C2
IPV4,1.12.42.153,1,malware C2
IPV4,1.12.51.100,1,malware C2
IPV4,1.12.60.48,1,malware C2
IPV4,1.12.62.190,1,malware C2
IPV4,1.12.63.8,1,malware C2
IPV4,1.13.14.225,1,malware C2
IPV4,1.13.156.213,1,malware C2
IPV4,1.13.176.232,1,malware C2
IPV4,1.13.188.250,1,malware C2
IPV4,1.13.22.198,1,malware C2
IPV4,1.13.23.211,1,malware C2
IPV4,1.13.255.60,1,malware C2
IPV4,1.13.6.147,1,malware C2
IPV4,1.13.9.218,1,malware C2
IPV4,1.14.105.223,1,malware C2
IPV4,1.14.126.238,1,malware C2
IPV4,1.14.198.89,1,malware C2
IPV4,1.14.250.37,1,malware C2
IPV4,1.14.47.145,1,malware C2
IPV4,1.14.58.132,1,malware C2
IPV4,1.14.61.188,1,malware C2
IPV4,1.14.64.51,1,malware C2
IPV4,1.14.66.207,1,malware C2
IPV4,1.14.72.243,1,malware C2
IPV4,1.14.77.81,1,malware C2
IPV4,1.14.92.22,1,malware C2
IPV4,1.14.93.149,1,malware C2
IPV4,1.14.93.219,1,malware C2
IPV4,1.14.94.175,1,malware C2
IPV4,1.14.96.114,1,malware C2
IPV4,1.14.96.156,1,malware C2
IPV4,1.14.96.240,1,malware C2
IPV4,1.14.97.186,1,malware C2
IPV4,1.15.103.197,1,malware C2
IPV4,1.15.104.243,1,malware C2
IPV4,1.15.107.76,1,malware C2
IPV4,1.15.108.204,1,malware C2
IPV4,1.15.109.75,1,malware C2
IPV4,1.15.120.236,1,malware C2
IPV4,1.15.122.211,1,malware C2
IPV4,1.15.123.97,1,malware C2
IPV4,1.15.13.71,1,malware C2
IPV4,1.15.132.105,1,malware C2
IPV4,1.15.138.95,1,malware C2
IPV4,1.15.141.252,1,malware C2
IPV4,1.15.142.104,1,malware C2
IPV4,1.15.143.227,1,malware C2
IPV4,1.15.144.204,1,malware C2
IPV4,1.15.151.47,1,malware C2
IPV4,1.15.154.27,1,malware C2
IPV4,1.15.181.217,1,malware C2
IPV4,1.15.181.48,1,malware C2
IPV4,1.15.183.112,1,malware C2
IPV4,1.15.188.7,1,malware C2
IPV4,1.15.189.200,1,malware C2
IPV4,1.15.223.31,1,malware C2
IPV4,1.15.243.28,1,malware C2
IPV4,1.15.247.249,1,malware C2
IPV4,1.15.249.107,1,malware C2
IPV4,1.15.251.60,1,malware C2
IPV4,1.15.35.104,1,malware C2
IPV4,1.15.40.79,1,malware C2
IPV4,1.15.42.6,1,malware C2
IPV4,1.15.53.158,1,malware C2
IPV4,1.15.54.239,1,malware C2
IPV4,1.15.54.42,1,malware C2
IPV4,1.15.56.117,1,malware C2
IPV4,1.15.66.15,1,malware C2
IPV4,1.15.67.80,1,malware C2
IPV4,1.15.68.152,1,malware C2
IPV4,1.15.68.91,1,malware C2
IPV4,1.15.79.166,1,malware C2
IPV4,1.15.80.102,1,malware C2
IPV4,1.15.85.44,1,malware C2
IPV4,1.15.88.81,1,malware C2
IPV4,1.15.94.16,1,malware C2
IPV4,1.15.99.189,1,malware C2
IPV4,1.156.172.160,1,malware C2
IPV4,1.156.37.82,1,malware C2
IPV4,1.156.95.43,1,malware C2
IPV4,1.157.128.155,1,malware C2
IPV4,1.158.112.153,1,malware C2
IPV4,1.158.143.229,1,malware C2
IPV4,1.158.25.247,1,malware C2
IPV4,1.160.158.60,1,malware C2
IPV4,1.160.159.120,1,malware C2
IPV4,1.160.159.2,1,malware C2
IPV4,1.161.102.116,1,malware C2
IPV4,1.161.126.64,1,malware C2
IPV4,1.161.219.86,1,malware C2
IPV4,1.161.229.226,1,malware C2
IPV4,1.161.67.235,1,malware C2
IPV4,1.161.75.18,1,malware C2
IPV4,1.162.15.36,1,malware C2
IPV4,1.162.15.95,1,malware C2
IPV4,1.162.19.224,1,malware C2
IPV4,1.162.28.157,1,malware C2
IPV4,1.162.3.100,1,malware C2
IPV4,1.162.34.157,1,malware C2
IPV4,1.162.45.133,1,malware C2
IPV4,1.162.49.189,1,malware C2
IPV4,1.162.61.60,1,malware C2
IPV4,1.162.7.123,1,malware C2
IPV4,1.162.8.197,1,malware C2
IPV4,1.163.112.82,1,malware C2
IPV4,1.163.16.53,1,malware C2
IPV4,1.163.20.13,1,malware C2
IPV4,1.163.23.76,1,malware C2
IPV4,1.163.31.112,1,malware C2
IPV4,1.163.31.117,1,malware C2
IPV4,1.163.35.75,1,malware C2
IPV4,1.163.53.14,1,malware C2
IPV4,1.163.59.211,1,malware C2
IPV4,1.163.80.155,1,malware C2
IPV4,1.164.88.28,1,malware C2
IPV4,1.165.138.167,1,malware C2
IPV4,1.165.167.185,1,malware C2
IPV4,1.165.200.234,1,malware C2
IPV4,1.165.209.113,1,malware C2
IPV4,1.168.107.32,1,malware C2
IPV4,1.168.20.184,1,malware C2
IPV4,1.168.202.69,1,malware C2
IPV4,1.168.235.227,1,malware C2
IPV4,1.168.241.248,1,malware C2
IPV4,1.168.25.168,1,malware C2
IPV4,1.168.75.87,1,malware C2
IPV4,1.168.98.247,1,malware C2
IPV4,1.169.114.108,1,malware C2
IPV4,1.169.120.220,1,malware C2
IPV4,1.169.3.63,1,malware C2
IPV4,1.170.110.165,1,malware C2
IPV4,1.170.116.138,1,malware C2
IPV4,1.170.121.8,1,malware C2
IPV4,1.170.122.199,1,malware C2
IPV4,1.170.75.229,1,malware C2
IPV4,1.170.76.1,1,malware C2
IPV4,1.171.103.192,1,malware C2
IPV4,1.171.187.12,1,malware C2
IPV4,1.171.52.214,1,malware C2
IPV4,1.171.59.94,1,malware C2
IPV4,1.171.95.247,1,malware C2
IPV4,1.172.149.3,1,malware C2
IPV4,1.172.5.4,1,malware C2
IPV4,1.172.6.243,1,malware C2
IPV4,1.172.6.66,1,malware C2
IPV4,1.173.165.60,1,malware C2
IPV4,1.173.171.57,1,malware C2
IPV4,1.173.19.128,1,malware C2
IPV4,1.173.242.161,1,malware C2
IPV4,1.173.44.43,1,malware C2
IPV4,1.173.98.179,1,malware C2
IPV4,1.174.203.33,1,malware C2
IPV4,1.174.203.8,1,malware C2
IPV4,1.174.211.198,1,malware C2
IPV4,1.174.65.127,1,malware C2
IPV4,1.176.134.233,1,malware C2
IPV4,1.176.134.237,1,malware C2
IPV4,1.176.134.250,1,malware C2
IPV4,1.176.134.251,1,malware C2
IPV4,1.176.142.149,1,malware C2
IPV4,1.176.142.94,1,malware C2
IPV4,1.176.172.65,1,malware C2
IPV4,1.176.186.176,1,malware C2
IPV4,1.176.194.248,1,malware C2
IPV4,1.176.240.170,1,malware C2
IPV4,1.176.90.126,1,malware C2
IPV4,1.176.93.93,1,malware C2
IPV4,1.177.162.2,1,malware C2
IPV4,1.177.251.215,1,malware C2
IPV4,1.177.59.228,1,malware C2
IPV4,1.178.175.113,1,malware C2
IPV4,1.179.128.124,1,malware C2
IPV4,1.179.130.201,1,malware C2
IPV4,1.179.137.10,1,malware C2
IPV4,1.179.147.5,1,malware C2
IPV4,1.179.148.9,1,malware C2
IPV4,1.179.153.18,1,malware C2
IPV4,1.179.157.230,1,malware C2
IPV4,1.179.172.45,1,malware C2
IPV4,1.179.180.98,1,malware C2
IPV4,1.179.185.50,1,malware C2
IPV4,1.179.186.174,1,malware C2
IPV4,1.179.201.153,1,malware C2
IPV4,1.179.202.86,1,malware C2
IPV4,1.179.220.211,1,malware C2
IPV4,1.179.242.27,1,malware C2
IPV4,1.179.243.253,1,malware C2
IPV4,1.180.0.162,1,malware C2
IPV4,1.180.156.38,1,malware C2
IPV4,1.180.175.102,1,malware C2
IPV4,1.180.228.194,1,malware C2
IPV4,1.180.230.98,1,malware C2
IPV4,1.189.22.78,1,malware C2
IPV4,1.189.90.190,1,malware C2
IPV4,1.189.94.223,1,malware C2
IPV4,1.190.128.235,1,malware C2
IPV4,1.190.165.112,1,malware C2
IPV4,1.190.2.30,1,malware C2
IPV4,1.190.217.86,1,malware C2
IPV4,1.192.131.153,1,malware C2
IPV4,1.192.212.15,1,malware C2
IPV4,1.192.218.183,1,malware C2
IPV4,1.193.163.2,1,malware C2
IPV4,1.193.20.143,1,malware C2
IPV4,1.195.120.81,1,malware C2
IPV4,1.196.21.21,1,malware C2
IPV4,1.196.242.90,1,malware C2
IPV4,1.196.9.105,1,malware C2
IPV4,1.197.88.26,1,malware C2
IPV4,1.2.153.125,1,malware C2
IPV4,1.2.232.204,1,malware C2
IPV4,1.20.100.45,1,malware C2
IPV4,1.20.107.141,1,malware C2
IPV4,1.20.137.82,1,malware C2
IPV4,1.20.156.196,1,malware C2
IPV4,1.20.172.26,1,malware C2
IPV4,1.20.178.145,1,malware C2
IPV4,1.20.184.75,1,malware C2
IPV4,1.20.185.97,1,malware C2
IPV4,1.20.202.61,1,malware C2
IPV4,1.20.220.79,1,malware C2
IPV4,1.20.227.66,1,malware C2
IPV4,1.20.235.153,1,malware C2
IPV4,1.20.93.144,1,malware C2
IPV4,1.20.93.71,1,malware C2
IPV4,1.20.96.156,1,malware C2
IPV4,1.20.97.122,1,malware C2
IPV4,1.20.97.4,1,malware C2
IPV4,1.20.97.96,1,malware C2
IPV4,1.20.98.66,1,malware C2
IPV4,1.202.128.83,1,malware C2
IPV4,1.202.161.50,1,malware C2
IPV4,1.202.17.93,1,malware C2
IPV4,1.202.76.226,1,malware C2
IPV4,1.202.80.214,1,malware C2
IPV4,1.202.82.212,1,malware C2
IPV4,1.203.115.79,1,malware C2
IPV4,1.203.77.225,1,malware C2
IPV4,1.207.250.77,1,malware C2
IPV4,1.209.110.62,1,malware C2
IPV4,1.209.243.248,1,malware C2
IPV4,1.21.202.235,1,malware C2
IPV4,1.210.166.219,1,malware C2
IPV4,1.211.79.56,1,malware C2
IPV4,1.212.139.210,1,malware C2
IPV4,1.212.142.212,1,malware C2
IPV4,1.212.157.114,1,malware C2
IPV4,1.212.165.165,1,malware C2
IPV4,1.212.188.90,1,malware C2
IPV4,1.212.62.170,1,malware C2
IPV4,1.212.65.51,1,malware C2
IPV4,1.212.73.98,1,malware C2
IPV4,1.212.89.83,1,malware C2
IPV4,1.212.92.39,1,malware C2
IPV4,1.213.218.180,1,malware C2
IPV4,1.213.251.50,1,malware C2
IPV4,1.214.146.46,1,malware C2
IPV4,1.214.156.164,1,malware C2
IPV4,1.214.245.27,1,malware C2
IPV4,1.214.29.246,1,malware C2
IPV4,1.214.89.69,1,malware C2
IPV4,1.215.138.43,1,malware C2
IPV4,1.215.191.210,1,malware C2
IPV4,1.215.233.74,1,malware C2
IPV4,1.215.28.101,1,malware C2
IPV4,1.215.40.195,1,malware C2
IPV4,1.215.71.204,1,malware C2
IPV4,1.216.189.67,1,malware C2
IPV4,1.216.217.219,1,malware C2
IPV4,1.217.126.11,1,malware C2
IPV4,1.217.139.30,1,malware C2
IPV4,1.217.91.118,1,malware C2
IPV4,1.218.223.241,1,malware C2
IPV4,1.218.223.243,1,malware C2
IPV4,1.218.32.239,1,malware C2
IPV4,1.218.32.240,1,malware C2
IPV4,1.218.32.241,1,malware C2
IPV4,1.219.144.3,1,malware C2
IPV4,1.219.152.174,1,malware C2
IPV4,1.219.220.158,1,malware C2
IPV4,1.22.119.250,1,malware C2
IPV4,1.22.129.252,1,malware C2
IPV4,1.22.130.108,1,malware C2
IPV4,1.22.130.115,1,malware C2
IPV4,1.22.130.12,1,malware C2
IPV4,1.22.130.126,1,malware C2
IPV4,1.22.130.146,1,malware C2
IPV4,1.22.130.156,1,malware C2
IPV4,1.22.130.172,1,malware C2
IPV4,1.22.130.179,1,malware C2
IPV4,1.22.130.191,1,malware C2
IPV4,1.22.130.209,1,malware C2
IPV4,1.22.130.211,1,malware C2
IPV4,1.22.130.66,1,malware C2
IPV4,1.22.130.78,1,malware C2
IPV4,1.22.130.94,1,malware C2
IPV4,1.22.130.95,1,malware C2
IPV4,1.22.168.100,1,malware C2
IPV4,1.22.168.124,1,malware C2
IPV4,1.22.168.140,1,malware C2
IPV4,1.22.168.156,1,malware C2
IPV4,1.22.168.159,1,malware C2
IPV4,1.22.168.169,1,malware C2
IPV4,1.22.168.199,1,malware C2
IPV4,1.22.168.200,1,malware C2
IPV4,1.22.168.212,1,malware C2
IPV4,1.22.168.215,1,malware C2
IPV4,1.22.168.66,1,malware C2
IPV4,1.22.168.72,1,malware C2
IPV4,1.22.168.75,1,malware C2
IPV4,1.22.168.87,1,malware C2
IPV4,1.22.169.220,1,malware C2
IPV4,1.22.212.204,1,malware C2
IPV4,1.22.212.225,1,malware C2
IPV4,1.22.212.81,1,malware C2
IPV4,1.22.224.101,1,malware C2
IPV4,1.22.224.122,1,malware C2
IPV4,1.22.224.172,1,malware C2
IPV4,1.22.224.182,1,malware C2
IPV4,1.22.224.199,1,malware C2
IPV4,1.22.224.204,1,malware C2
IPV4,1.22.224.50,1,malware C2
IPV4,1.22.224.52,1,malware C2
IPV4,1.22.224.6,1,malware C2
IPV4,1.22.224.64,1,malware C2
IPV4,1.22.224.69,1,malware C2
IPV4,1.22.224.71,1,malware C2
IPV4,1.22.224.83,1,malware C2
IPV4,1.22.224.9,1,malware C2
IPV4,1.22.228.147,1,malware C2
IPV4,1.22.236.12,1,malware C2
IPV4,1.22.236.138,1,malware C2
IPV4,1.22.236.154,1,malware C2
IPV4,1.22.236.17,1,malware C2
IPV4,1.22.236.18,1,malware C2
IPV4,1.22.236.28,1,malware C2
IPV4,1.22.236.87,1,malware C2
IPV4,1.22.245.11,1,malware C2
IPV4,1.22.245.138,1,malware C2
IPV4,1.22.246.16,1,malware C2
IPV4,1.220.145.45,1,malware C2
IPV4,1.220.185.149,1,malware C2
IPV4,1.220.207.110,1,malware C2
IPV4,1.220.235.86,1,malware C2
IPV4,1.220.49.170,1,malware C2
IPV4,1.220.75.38,1,malware C2
IPV4,1.220.9.68,1,malware C2
IPV4,1.221.124.34,1,malware C2
IPV4,1.221.130.108,1,malware C2
IPV4,1.221.173.148,1,malware C2
IPV4,1.221.180.212,1,malware C2
IPV4,1.221.214.60,1,malware C2
IPV4,1.221.228.101,1,malware C2
IPV4,1.221.233.186,1,malware C2
IPV4,1.221.254.82,1,malware C2
IPV4,1.222.161.119,1,malware C2
IPV4,1.222.168.77,1,malware C2
IPV4,1.222.189.92,1,malware C2
IPV4,1.222.192.112,1,malware C2
IPV4,1.222.192.62,1,malware C2
IPV4,1.222.42.150,1,malware C2
IPV4,1.222.43.126,1,malware C2
IPV4,1.222.48.132,1,malware C2
IPV4,1.222.58.164,1,malware C2
IPV4,1.222.58.196,1,malware C2
IPV4,1.222.58.197,1,malware C2
IPV4,1.223.103.77,1,malware C2
IPV4,1.223.107.138,1,malware C2
IPV4,1.223.4.190,1,malware C2
IPV4,1.223.55.11,1,malware C2
IPV4,1.224.246.172,1,malware C2
IPV4,1.225.183.151,1,malware C2
IPV4,1.226.12.132,1,malware C2
IPV4,1.226.190.170,1,malware C2
IPV4,1.226.198.83,1,malware C2
IPV4,1.227.57.66,1,malware C2
IPV4,1.229.101.169,1,malware C2
IPV4,1.229.203.234,1,malware C2
IPV4,1.229.95.200,1,malware C2
IPV4,1.23.136.220,1,malware C2
IPV4,1.230.176.144,1,malware C2
IPV4,1.231.75.120,1,malware C2
IPV4,1.233.124.209,1,malware C2
IPV4,1.233.193.224,1,malware C2
IPV4,1.233.206.27,1,malware C2
IPV4,1.234.117.207,1,malware C2
IPV4,1.234.146.47,1,malware C2
IPV4,1.234.2.97,1,malware C2
IPV4,1.234.23.38,1,malware C2
IPV4,1.234.23.49,1,malware C2
IPV4,1.234.31.58,1,malware C2
IPV4,1.234.35.172,1,malware C2
IPV4,1.234.35.54,1,malware C2
IPV4,89.187.180.18,1,Protonmail VPN exit
IPV4,185.159.157.19,1,Protonmail VPN exit
IPV4,194.126.177.56,1,Protonmail VPN exit
IPV4,91.219.212.229,1,Protonmail VPN exit
IPV4,138.199.35.104,1,Protonmail VPN exit
IPV4,156.146.54.98,1,Protonmail VPN exit
IPV4,146.70.83.75,1,Protonmail VPN exit
IPV4,185.242.6.3,1,Protonmail VPN exit
IPV4,156.146.50.1,1,Protonmail VPN exit
IPV4,146.70.58.142,1,Protonmail VPN exit
IPV4,77.247.178.182,1,Protonmail VPN exit
IPV4,185.159.158.58,1,Protonmail VPN exit
IPV4,45.134.140.40,1,Protonmail VPN exit
IPV4,91.219.212.204,1,Protonmail VPN exit
IPV4,107.181.245.77,1,Protonmail VPN exit
IPV4,194.126.177.55,1,Protonmail VPN exit
IPV4,103.230.142.228,1,Protonmail VPN exit
IPV4,193.239.86.3,1,Protonmail VPN exit
IPV4,185.107.95.215,1,Protonmail VPN exit
IPV4,185.128.26.212,1,Protonmail VPN exit
IPV4,69.10.63.244,1,Protonmail VPN exit
IPV4,103.125.235.29,1,Protonmail VPN exit
IPV4,194.126.177.66,1,Protonmail VPN exit
IPV4,103.108.231.22,1,Protonmail VPN exit
IPV4,89.187.170.163,1,Protonmail VPN exit
IPV4,89.38.97.198,1,Protonmail VPN exit
IPV4,45.128.133.232,1,Protonmail VPN exit
IPV4,188.214.106.183,1,Protonmail VPN exit
IPV4,185.159.158.108,1,Protonmail VPN exit
IPV4,217.138.209.152,1,Protonmail VPN exit
IPV4,89.187.164.248,1,Protonmail VPN exit
IPV4,89.187.175.174,1,Protonmail VPN exit
IPV4,146.70.72.164,1,Protonmail VPN exit
IPV4,66.90.82.29,1,Protonmail VPN exit
IPV4,196.240.128.76,1,Protonmail VPN exit
IPV4,5.8.16.150,1,Protonmail VPN exit
IPV4,188.241.83.124,1,Protonmail VPN exit
IPV4,193.148.18.99,1,Protonmail VPN exit
IPV4,103.214.20.102,1,Protonmail VPN exit
IPV4,103.214.20.105,1,Protonmail VPN exit
IPV4,2.58.241.74,1,Protonmail VPN exit
IPV4,194.126.177.38,1,Protonmail VPN exit
IPV4,66.90.67.44,1,Protonmail VPN exit
IPV4,180.149.229.137,1,Protonmail VPN exit
IPV4,146.70.83.68,1,Protonmail VPN exit
IPV4,146.70.86.123,1,Protonmail VPN exit
IPV4,194.126.177.89,1,Protonmail VPN exit
IPV4,146.70.58.139,1,Protonmail VPN exit
IPV4,138.199.53.230,1,Protonmail VPN exit
IPV4,195.80.150.234,1,Protonmail VPN exit
IPV4,146.70.86.117,1,Protonmail VPN exit
IPV4,196.245.151.217,1,Protonmail VPN exit
IPV4,185.230.126.147,1,Protonmail VPN exit
IPV4,45.87.214.216,1,Protonmail VPN exit
IPV4,185.246.211.201,1,Protonmail VPN exit
IPV4,94.137.94.6,1,Protonmail VPN exit
IPV4,45.195.132.4,1,Protonmail VPN exit
IPV4,87.249.133.109,1,Protonmail VPN exit
IPV4,81.92.200.51,1,Protonmail VPN exit
IPV4,91.219.212.230,1,Protonmail VPN exit
IPV4,5.181.157.112,1,Protonmail VPN exit
IPV4,194.126.177.58,1,Protonmail VPN exit
IPV4,45.87.214.196,1,Protonmail VPN exit
IPV4,185.159.158.100,1,Protonmail VPN exit
IPV4,138.199.5.101,1,Protonmail VPN exit
IPV4,103.75.11.20,1,Protonmail VPN exit
IPV4,217.138.219.182,1,Protonmail VPN exit
IPV4,146.70.86.120,1,Protonmail VPN exit
IPV4,190.2.131.167,1,Protonmail VPN exit
IPV4,193.239.86.5,1,Protonmail VPN exit
IPV4,146.70.72.132,1,Protonmail VPN exit
IPV4,193.56.254.38,1,Protonmail VPN exit
IPV4,173.244.209.91,1,Protonmail VPN exit
IPV4,169.150.197.104,1,Protonmail VPN exit
IPV4,45.87.214.201,1,Protonmail VPN exit
IPV4,89.187.180.49,1,Protonmail VPN exit
IPV4,37.19.214.4,1,Protonmail VPN exit
IPV4,194.126.177.53,1,Protonmail VPN exit
IPV4,89.36.76.136,1,Protonmail VPN exit
IPV4,102.38.204.5,1,Protonmail VPN exit
IPV4,89.187.180.52,1,Protonmail VPN exit
IPV4,156.146.54.101,1,Protonmail VPN exit
IPV4,185.156.46.40,1,Protonmail VPN exit
IPV4,89.187.180.45,1,Protonmail VPN exit
IPV4,194.126.177.65,1,Protonmail VPN exit
IPV4,45.87.214.213,1,Protonmail VPN exit
IPV4,91.219.212.219,1,Protonmail VPN exit
IPV4,45.89.174.73,1,Protonmail VPN exit
IPV4,146.70.58.135,1,Protonmail VPN exit
IPV4,144.48.39.232,1,Protonmail VPN exit
IPV4,103.157.139.3,1,Protonmail VPN exit
IPV4,185.94.193.149,1,Protonmail VPN exit
IPV4,156.146.50.4,1,Protonmail VPN exit
IPV4,146.70.72.136,1,Protonmail VPN exit
IPV4,89.187.170.164,1,Protonmail VPN exit
IPV4,89.44.201.164,1,Protonmail VPN exit
IPV4,185.94.193.147,1,Protonmail VPN exit
IPV4,87.249.133.103,1,Protonmail VPN exit
IPV4,193.37.254.70,1,Protonmail VPN exit
IPV4,37.19.201.137,1,Protonmail VPN exit
IPV4,195.158.248.230,1,Protonmail VPN exit
IPV4,94.137.76.2,1,Protonmail VPN exit
IPV4,116.90.74.185,1,Protonmail VPN exit
IPV4,37.19.214.5,1,Protonmail VPN exit
IPV4,66.90.73.114,1,Protonmail VPN exit
IPV4,103.214.20.99,1,Protonmail VPN exit
IPV4,37.120.244.60,1,Protonmail VPN exit
IPV4,156.238.183.136,1,Protonmail VPN exit
IPV4,193.37.254.77,1,Protonmail VPN exit
IPV4,138.199.53.228,1,Protonmail VPN exit
IPV4,103.108.231.26,1,Protonmail VPN exit
IPV4,185.246.211.79,1,Protonmail VPN exit
IPV4,92.223.89.137,1,Protonmail VPN exit
IPV4,217.138.209.149,1,Protonmail VPN exit
IPV4,146.70.142.26,1,Protonmail VPN exit
IPV4,185.247.68.56,1,Protonmail VPN exit
IPV4,89.187.178.178,1,Protonmail VPN exit
IPV4,146.70.86.124,1,Protonmail VPN exit
IPV4,156.146.51.77,1,Protonmail VPN exit
IPV4,193.239.86.6,1,Protonmail VPN exit
IPV4,190.2.131.157,1,Protonmail VPN exit
IPV4,194.126.177.26,1,Protonmail VPN exit
IPV4,103.107.199.166,1,Protonmail VPN exit
IPV4,196.240.128.71,1,Protonmail VPN exit
IPV4,193.239.86.10,1,Protonmail VPN exit
IPV4,185.107.57.68,1,Protonmail VPN exit
IPV4,156.146.51.80,1,Protonmail VPN exit
IPV4,107.181.245.78,1,Protonmail VPN exit
IPV4,37.120.244.155,1,Protonmail VPN exit
IPV4,84.247.48.165,1,Protonmail VPN exit
IPV4,173.244.209.89,1,Protonmail VPN exit
IPV4,178.249.214.68,1,Protonmail VPN exit
IPV4,156.146.50.7,1,Protonmail VPN exit
IPV4,156.146.55.232,1,Protonmail VPN exit
IPV4,37.19.201.135,1,Protonmail VPN exit
IPV4,138.199.5.119,1,Protonmail VPN exit
IPV4,45.128.133.228,1,Protonmail VPN exit
IPV4,45.87.214.107,1,Protonmail VPN exit
IPV4,185.76.11.19,1,Protonmail VPN exit
IPV4,156.146.51.72,1,Protonmail VPN exit
IPV4,87.249.133.98,1,Protonmail VPN exit
IPV4,144.48.39.227,1,Protonmail VPN exit
IPV4,116.206.231.189,1,Protonmail VPN exit
IPV4,146.70.72.131,1,Protonmail VPN exit
IPV4,2.58.241.71,1,Protonmail VPN exit
IPV4,103.230.142.234,1,Protonmail VPN exit
IPV4,94.137.94.7,1,Protonmail VPN exit
IPV4,45.87.214.202,1,Protonmail VPN exit
IPV4,156.146.51.74,1,Protonmail VPN exit
IPV4,185.246.211.90,1,Protonmail VPN exit
IPV4,94.137.76.4,1,Protonmail VPN exit
IPV4,45.87.214.102,1,Protonmail VPN exit
IPV4,37.120.215.245,1,Protonmail VPN exit
IPV4,37.120.244.101,1,Protonmail VPN exit
IPV4,169.150.197.102,1,Protonmail VPN exit
IPV4,37.120.215.249,1,Protonmail VPN exit
IPV4,194.126.177.75,1,Protonmail VPN exit
IPV4,89.187.164.245,1,Protonmail VPN exit
IPV4,146.70.72.141,1,Protonmail VPN exit
IPV4,103.108.229.23,1,Protonmail VPN exit
IPV4,194.59.249.20,1,Protonmail VPN exit
IPV4,185.159.157.9,1,Protonmail VPN exit
IPV4,185.107.57.72,1,Protonmail VPN exit
IPV4,95.174.66.61,1,Protonmail VPN exit
IPV4,185.230.126.12,1,Protonmail VPN exit
IPV4,138.199.33.229,1,Protonmail VPN exit
IPV4,45.152.182.152,1,Protonmail VPN exit
IPV4,66.90.73.115,1,Protonmail VPN exit
IPV4,185.246.211.91,1,Protonmail VPN exit
IPV4,77.247.178.185,1,Protonmail VPN exit
IPV4,156.146.51.68,1,Protonmail VPN exit
IPV4,89.187.178.195,1,Protonmail VPN exit
IPV4,185.159.156.90,1,Protonmail VPN exit
IPV4,103.107.199.169,1,Protonmail VPN exit
IPV4,5.181.157.12,1,Protonmail VPN exit
IPV4,5.8.16.235,1,Protonmail VPN exit
IPV4,193.9.114.182,1,Protonmail VPN exit
IPV4,2.58.241.69,1,Protonmail VPN exit
IPV4,103.214.20.101,1,Protonmail VPN exit
IPV4,185.76.11.26,1,Protonmail VPN exit
IPV4,185.159.156.17,1,Protonmail VPN exit
IPV4,66.115.146.168,1,Protonmail VPN exit
IPV4,92.223.89.146,1,Protonmail VPN exit
IPV4,156.238.183.132,1,Protonmail VPN exit
IPV4,212.30.60.4,1,Protonmail VPN exit
IPV4,45.128.133.233,1,Protonmail VPN exit
IPV4,156.146.54.102,1,Protonmail VPN exit
IPV4,185.159.157.22,1,Protonmail VPN exit
IPV4,45.152.182.147,1,Protonmail VPN exit
IPV4,37.19.214.10,1,Protonmail VPN exit
IPV4,103.75.11.21,1,Protonmail VPN exit
IPV4,5.181.157.9,1,Protonmail VPN exit
IPV4,89.187.175.145,1,Protonmail VPN exit
IPV4,116.90.74.180,1,Protonmail VPN exit
IPV4,195.181.167.196,1,Protonmail VPN exit
IPV4,86.106.90.99,1,Protonmail VPN exit
IPV4,176.125.231.84,1,Protonmail VPN exit
IPV4,185.242.6.6,1,Protonmail VPN exit
IPV4,45.87.214.199,1,Protonmail VPN exit
IPV4,146.70.83.76,1,Protonmail VPN exit
IPV4,138.199.35.109,1,Protonmail VPN exit
IPV4,185.159.156.6,1,Protonmail VPN exit
IPV4,190.2.132.141,1,Protonmail VPN exit
IPV4,138.199.7.130,1,Protonmail VPN exit
IPV4,94.137.76.7,1,Protonmail VPN exit
IPV4,37.19.205.231,1,Protonmail VPN exit
IPV4,194.126.177.34,1,Protonmail VPN exit
IPV4,146.70.96.74,1,Protonmail VPN exit
IPV4,193.148.18.90,1,Protonmail VPN exit
IPV4,138.199.52.242,1,Protonmail VPN exit
IPV4,217.138.220.200,1,Protonmail VPN exit
IPV4,102.38.204.7,1,Protonmail VPN exit
IPV4,138.199.55.34,1,Protonmail VPN exit
IPV4,85.206.163.148,1,Protonmail VPN exit
IPV4,217.138.196.23,1,Protonmail VPN exit
IPV4,156.238.183.131,1,Protonmail VPN exit
IPV4,156.146.51.66,1,Protonmail VPN exit
IPV4,185.230.126.148,1,Protonmail VPN exit
IPV4,185.242.6.4,1,Protonmail VPN exit
IPV4,37.120.232.51,1,Protonmail VPN exit
IPV4,144.48.39.231,1,Protonmail VPN exit
IPV4,116.90.74.186,1,Protonmail VPN exit
IPV4,45.134.140.44,1,Protonmail VPN exit
IPV4,45.128.134.197,1,Protonmail VPN exit
IPV4,89.36.76.137,1,Protonmail VPN exit
IPV4,37.120.232.53,1,Protonmail VPN exit
IPV4,217.138.207.234,1,Protonmail VPN exit
IPV4,89.44.201.163,1,Protonmail VPN exit
IPV4,193.56.254.37,1,Protonmail VPN exit
IPV4,156.238.183.129,1,Protonmail VPN exit
IPV4,194.126.177.49,1,Protonmail VPN exit
IPV4,169.150.197.117,1,Protonmail VPN exit
IPV4,84.17.63.56,1,Protonmail VPN exit
IPV4,138.199.7.137,1,Protonmail VPN exit
IPV4,103.214.20.100,1,Protonmail VPN exit
IPV4,103.108.229.19,1,Protonmail VPN exit
IPV4,156.146.45.139,1,Protonmail VPN exit
IPV4,193.148.18.101,1,Protonmail VPN exit
IPV4,87.249.139.166,1,Protonmail VPN exit
IPV4,194.126.177.48,1,Protonmail VPN exit
IPV4,212.102.44.167,1,Protonmail VPN exit
IPV4,169.150.204.38,1,Protonmail VPN exit
IPV4,196.240.128.75,1,Protonmail VPN exit
IPV4,138.199.35.99,1,Protonmail VPN exit
IPV4,185.51.134.199,1,Protonmail VPN exit
IPV4,103.75.11.19,1,Protonmail VPN exit
IPV4,190.2.132.136,1,Protonmail VPN exit
IPV4,5.181.157.11,1,Protonmail VPN exit
IPV4,86.106.90.100,1,Protonmail VPN exit
IPV4,102.38.199.7,1,Protonmail VPN exit
IPV4,194.126.177.83,1,Protonmail VPN exit
IPV4,188.241.177.233,1,Protonmail VPN exit
IPV4,138.199.33.232,1,Protonmail VPN exit
IPV4,188.241.83.123,1,Protonmail VPN exit
IPV4,185.230.126.23,1,Protonmail VPN exit
IPV4,89.187.171.242,1,Protonmail VPN exit
IPV4,156.146.54.105,1,Protonmail VPN exit
IPV4,146.70.72.140,1,Protonmail VPN exit
IPV4,196.240.128.67,1,Protonmail VPN exit
IPV4,146.70.133.133,1,Protonmail VPN exit
IPV4,138.199.55.47,1,Protonmail VPN exit
IPV4,169.150.197.114,1,Protonmail VPN exit
IPV4,37.120.215.229,1,Protonmail VPN exit
IPV4,194.126.177.18,1,Protonmail VPN exit
IPV4,217.138.193.104,1,Protonmail VPN exit
IPV4,172.83.40.70,1,Protonmail VPN exit
IPV4,89.187.180.43,1,Protonmail VPN exit
IPV4,66.115.146.171,1,Protonmail VPN exit
IPV4,89.38.227.142,1,Protonmail VPN exit
IPV4,156.146.50.3,1,Protonmail VPN exit
IPV4,185.107.57.5,1,Protonmail VPN exit
IPV4,89.187.171.244,1,Protonmail VPN exit
IPV4,185.76.11.20,1,Protonmail VPN exit
IPV4,185.76.11.21,1,Protonmail VPN exit
IPV4,188.214.122.86,1,Protonmail VPN exit
IPV4,195.158.248.229,1,Protonmail VPN exit
IPV4,190.2.146.231,1,Protonmail VPN exit
IPV4,89.36.76.140,1,Protonmail VPN exit
IPV4,138.199.7.133,1,Protonmail VPN exit
IPV4,94.137.76.3,1,Protonmail VPN exit
IPV4,37.120.236.5,1,Protonmail VPN exit
IPV4,89.187.178.176,1,Protonmail VPN exit
IPV4,45.87.214.99,1,Protonmail VPN exit
IPV4,217.138.220.201,1,Protonmail VPN exit
IPV4,138.199.7.141,1,Protonmail VPN exit
IPV4,173.244.209.65,1,Protonmail VPN exit
IPV4,45.87.214.198,1,Protonmail VPN exit
IPV4,188.214.125.169,1,Protonmail VPN exit
IPV4,194.126.177.9,1,Protonmail VPN exit
IPV4,194.126.177.52,1,Protonmail VPN exit
IPV4,66.115.146.163,1,Protonmail VPN exit
IPV4,89.36.76.131,1,Protonmail VPN exit
IPV4,45.14.71.14,1,Protonmail VPN exit
IPV4,194.126.177.41,1,Protonmail VPN exit
IPV4,138.199.33.238,1,Protonmail VPN exit
IPV4,37.120.217.85,1,Protonmail VPN exit
IPV4,37.19.205.224,1,Protonmail VPN exit
IPV4,79.110.55.8,1,Protonmail VPN exit
IPV4,89.36.76.132,1,Protonmail VPN exit
IPV4,188.215.235.87,1,Protonmail VPN exit
IPV4,146.70.83.71,1,Protonmail VPN exit
IPV4,103.107.197.6,1,Protonmail VPN exit
IPV4,146.70.58.140,1,Protonmail VPN exit
IPV4,62.112.9.167,1,Protonmail VPN exit
IPV4,193.148.18.35,1,Protonmail VPN exit
IPV4,37.19.214.8,1,Protonmail VPN exit
IPV4,84.247.50.180,1,Protonmail VPN exit
IPV4,103.107.197.7,1,Protonmail VPN exit
IPV4,87.249.133.104,1,Protonmail VPN exit
IPV4,45.152.182.154,1,Protonmail VPN exit
IPV4,103.107.198.198,1,Protonmail VPN exit
IPV4,185.247.68.59,1,Protonmail VPN exit
IPV4,5.8.16.164,1,Protonmail VPN exit
IPV4,212.30.60.3,1,Protonmail VPN exit
IPV4,46.166.182.117,1,Protonmail VPN exit
IPV4,87.249.139.169,1,Protonmail VPN exit
IPV4,2.58.241.73,1,Protonmail VPN exit
IPV4,45.14.71.18,1,Protonmail VPN exit
IPV4,85.132.252.35,1,Protonmail VPN exit
IPV4,94.137.92.1,1,Protonmail VPN exit
IPV4,103.14.26.89,1,Protonmail VPN exit
IPV4,188.214.152.230,1,Protonmail VPN exit
IPV4,178.249.214.67,1,Protonmail VPN exit
IPV4,45.133.181.252,1,Protonmail VPN exit
IPV4,165.231.178.19,1,Protonmail VPN exit
IPV4,138.199.55.44,1,Protonmail VPN exit
IPV4,138.199.7.134,1,Protonmail VPN exit
IPV4,37.120.203.85,1,Protonmail VPN exit
IPV4,156.146.51.86,1,Protonmail VPN exit
IPV4,37.46.115.12,1,Protonmail VPN exit
IPV4,94.137.92.7,1,Protonmail VPN exit
IPV4,194.126.177.23,1,Protonmail VPN exit
IPV4,138.199.52.246,1,Protonmail VPN exit
IPV4,87.249.133.111,1,Protonmail VPN exit
IPV4,185.230.126.14,1,Protonmail VPN exit
IPV4,195.80.150.227,1,Protonmail VPN exit
IPV4,103.107.198.213,1,Protonmail VPN exit
IPV4,193.29.107.250,1,Protonmail VPN exit
IPV4,89.187.180.30,1,Protonmail VPN exit
IPV4,156.146.51.82,1,Protonmail VPN exit
IPV4,194.126.177.82,1,Protonmail VPN exit
IPV4,172.83.40.67,1,Protonmail VPN exit
IPV4,217.138.193.105,1,Protonmail VPN exit
IPV4,37.120.215.231,1,Protonmail VPN exit
IPV4,185.246.211.89,1,Protonmail VPN exit
IPV4,95.174.66.60,1,Protonmail VPN exit
IPV4,84.247.48.169,1,Protonmail VPN exit
IPV4,103.14.26.92,1,Protonmail VPN exit
IPV4,169.150.204.51,1,Protonmail VPN exit
IPV4,107.181.245.76,1,Protonmail VPN exit
IPV4,185.159.158.51,1,Protonmail VPN exit
IPV4,92.223.89.152,1,Protonmail VPN exit
IPV4,89.187.178.179,1,Protonmail VPN exit
IPV4,185.246.211.87,1,Protonmail VPN exit
IPV4,45.128.133.231,1,Protonmail VPN exit
IPV4,103.108.231.19,1,Protonmail VPN exit
IPV4,45.89.174.70,1,Protonmail VPN exit
IPV4,103.107.199.214,1,Protonmail VPN exit
IPV4,165.231.178.22,1,Protonmail VPN exit
IPV4,146.70.133.137,1,Protonmail VPN exit
IPV4,37.120.237.179,1,Protonmail VPN exit
IPV4,193.148.18.67,1,Protonmail VPN exit
IPV4,91.219.212.206,1,Protonmail VPN exit
IPV4,194.126.177.81,1,Protonmail VPN exit
IPV4,37.120.244.61,1,Protonmail VPN exit
IPV4,66.90.72.173,1,Protonmail VPN exit
IPV4,138.199.7.138,1,Protonmail VPN exit
IPV4,46.166.182.116,1,Protonmail VPN exit
IPV4,37.19.214.11,1,Protonmail VPN exit
IPV4,84.17.63.55,1,Protonmail VPN exit
IPV4,138.199.33.228,1,Protonmail VPN exit
IPV4,37.120.203.90,1,Protonmail VPN exit
IPV4,37.120.215.234,1,Protonmail VPN exit
IPV4,45.134.140.34,1,Protonmail VPN exit
IPV4,178.249.214.72,1,Protonmail VPN exit
IPV4,45.83.90.147,1,Protonmail VPN exit
IPV4,45.89.174.74,1,Protonmail VPN exit
IPV4,146.70.72.138,1,Protonmail VPN exit
IPV4,146.70.72.172,1,Protonmail VPN exit
IPV4,185.247.68.60,1,Protonmail VPN exit
IPV4,146.70.96.77,1,Protonmail VPN exit
IPV4,103.75.11.22,1,Protonmail VPN exit
IPV4,37.120.232.54,1,Protonmail VPN exit
IPV4,138.199.33.241,1,Protonmail VPN exit
IPV4,2.58.241.70,1,Protonmail VPN exit
IPV4,190.2.131.175,1,Protonmail VPN exit
IPV4,188.241.177.232,1,Protonmail VPN exit
IPV4,37.120.217.164,1,Protonmail VPN exit
IPV4,193.27.12.252,1,Protonmail VPN exit
IPV4,89.39.107.202,1,Protonmail VPN exit
IPV4,103.108.231.24,1,Protonmail VPN exit
IPV4,79.110.55.9,1,Protonmail VPN exit
IPV4,193.29.107.249,1,Protonmail VPN exit
IPV4,89.36.76.141,1,Protonmail VPN exit
IPV4,185.107.56.87,1,Protonmail VPN exit
IPV4,45.87.214.100,1,Protonmail VPN exit
IPV4,89.36.76.142,1,Protonmail VPN exit
IPV4,165.231.178.21,1,Protonmail VPN exit
IPV4,91.219.215.158,1,Protonmail VPN exit
IPV4,103.108.229.20,1,Protonmail VPN exit
IPV4,138.199.33.237,1,Protonmail VPN exit
IPV4,138.199.5.98,1,Protonmail VPN exit
IPV4,146.70.142.23,1,Protonmail VPN exit
IPV4,196.240.128.72,1,Protonmail VPN exit
IPV4,138.199.55.37,1,Protonmail VPN exit
IPV4,156.146.50.9,1,Protonmail VPN exit
IPV4,89.36.76.134,1,Protonmail VPN exit
IPV4,138.199.55.42,1,Protonmail VPN exit
IPV4,185.230.126.197,1,Protonmail VPN exit
IPV4,37.120.203.84,1,Protonmail VPN exit
IPV4,37.19.201.132,1,Protonmail VPN exit
IPV4,5.8.16.236,1,Protonmail VPN exit
IPV4,116.206.231.190,1,Protonmail VPN exit
IPV4,37.19.214.6,1,Protonmail VPN exit
IPV4,185.247.68.51,1,Protonmail VPN exit
IPV4,196.240.54.119,1,Protonmail VPN exit
IPV4,156.146.51.81,1,Protonmail VPN exit
IPV4,138.199.53.231,1,Protonmail VPN exit
IPV4,79.110.55.3,1,Protonmail VPN exit
IPV4,37.120.215.247,1,Protonmail VPN exit
IPV4,194.126.177.27,1,Protonmail VPN exit
IPV4,92.223.89.150,1,Protonmail VPN exit
IPV4,89.187.175.149,1,Protonmail VPN exit
IPV4,190.2.132.155,1,Protonmail VPN exit
IPV4,89.187.175.141,1,Protonmail VPN exit
IPV4,188.241.83.118,1,Protonmail VPN exit
IPV4,103.108.229.22,1,Protonmail VPN exit
IPV4,138.199.5.121,1,Protonmail VPN exit
IPV4,5.8.16.168,1,Protonmail VPN exit
IPV4,185.107.80.193,1,Protonmail VPN exit
IPV4,91.219.212.211,1,Protonmail VPN exit
IPV4,37.120.215.230,1,Protonmail VPN exit
IPV4,37.120.237.173,1,Protonmail VPN exit
IPV4,45.87.214.218,1,Protonmail VPN exit
IPV4,103.14.26.95,1,Protonmail VPN exit
IPV4,37.19.205.229,1,Protonmail VPN exit
IPV4,138.199.53.234,1,Protonmail VPN exit
IPV4,5.8.16.147,1,Protonmail VPN exit
IPV4,169.150.197.113,1,Protonmail VPN exit
IPV4,116.206.231.188,1,Protonmail VPN exit
IPV4,85.206.163.152,1,Protonmail VPN exit
IPV4,185.185.134.118,1,Protonmail VPN exit
IPV4,89.187.178.175,1,Protonmail VPN exit
IPV4,102.38.199.2,1,Protonmail VPN exit
IPV4,89.36.76.133,1,Protonmail VPN exit
IPV4,69.10.63.243,1,Protonmail VPN exit
IPV4,217.138.207.227,1,Protonmail VPN exit
IPV4,37.120.215.246,1,Protonmail VPN exit
IPV4,188.214.122.90,1,Protonmail VPN exit
IPV4,89.187.164.247,1,Protonmail VPN exit
IPV4,91.219.212.195,1,Protonmail VPN exit
IPV4,138.199.52.244,1,Protonmail VPN exit
IPV4,69.36.160.150,1,Protonmail VPN exit
IPV4,87.249.133.101,1,Protonmail VPN exit
IPV4,103.107.198.217,1,Protonmail VPN exit
IPV4,196.244.192.227,1,Protonmail VPN exit
IPV4,212.102.44.162,1,Protonmail VPN exit
IPV4,37.19.205.245,1,Protonmail VPN exit
IPV4,185.51.134.202,1,Protonmail VPN exit
IPV4,185.51.134.200,1,Protonmail VPN exit
IPV4,195.181.167.195,1,Protonmail VPN exit
IPV4,172.83.40.69,1,Protonmail VPN exit
IPV4,94.137.94.8,1,Protonmail VPN exit
IPV4,45.152.182.136,1,Protonmail VPN exit
IPV4,195.80.150.231,1,Protonmail VPN exit
IPV4,169.150.197.115,1,Protonmail VPN exit
IPV4,212.30.60.6,1,Protonmail VPN exit
IPV4,103.107.197.8,1,Protonmail VPN exit
IPV4,146.70.96.78,1,Protonmail VPN exit
IPV4,193.9.114.180,1,Protonmail VPN exit
IPV4,193.148.18.38,1,Protonmail VPN exit
IPV4,196.240.128.69,1,Protonmail VPN exit
IPV4,169.150.197.122,1,Protonmail VPN exit
IPV4,37.120.244.100,1,Protonmail VPN exit
IPV4,102.38.204.1,1,Protonmail VPN exit
IPV4,169.150.204.52,1,Protonmail VPN exit
IPV4,138.199.35.110,1,Protonmail VPN exit
IPV4,169.150.197.112,1,Protonmail VPN exit
IPV4,94.137.76.8,1,Protonmail VPN exit
IPV4,193.27.12.251,1,Protonmail VPN exit
IPV4,196.240.54.115,1,Protonmail VPN exit
IPV4,86.106.90.105,1,Protonmail VPN exit
IPV4,103.108.95.150,1,Protonmail VPN exit
IPV4,212.102.44.168,1,Protonmail VPN exit
IPV4,37.19.205.237,1,Protonmail VPN exit
IPV4,176.125.231.86,1,Protonmail VPN exit
IPV4,94.137.92.6,1,Protonmail VPN exit
IPV4,91.219.212.213,1,Protonmail VPN exit
IPV4,190.2.132.127,1,Protonmail VPN exit
IPV4,102.38.204.3,1,Protonmail VPN exit
IPV4,85.159.237.76,1,Protonmail VPN exit
IPV4,91.219.214.172,1,Protonmail VPN exit
IPV4,185.107.57.2,1,Protonmail VPN exit
IPV4,92.223.89.136,1,Protonmail VPN exit
IPV4,85.206.163.149,1,Protonmail VPN exit
IPV4,188.214.152.227,1,Protonmail VPN exit
IPV4,89.187.180.26,1,Protonmail VPN exit
IPV4,103.108.95.148,1,Protonmail VPN exit
IPV4,156.146.54.106,1,Protonmail VPN exit
IPV4,212.102.44.164,1,Protonmail VPN exit